{
  "model_tag": "3bs",
  "gt_file": "../origndata/prediction.jsonl",
  "pred_file": "../inference/out_3b_v4q_strict.jsonl",
  "total_gt": 2000,
  "aligned": 2000,
  "missing": 0,
  "correct": 1906,
  "wrong": 94,
  "accuracy": 0.953,
  "confusion_matrix": {
    "labels": [
      "法律类",
      "违规类",
      "闲聊类"
    ],
    "matrix": [
      [
        990,
        1,
        9
      ],
      [
        58,
        416,
        26
      ],
      [
        0,
        0,
        500
      ]
    ]
  },
  "per_class_counts": {
    "法律类": {
      "TP": 990,
      "FP": 58,
      "FN": 10,
      "TN": 942
    },
    "违规类": {
      "TP": 416,
      "FP": 1,
      "FN": 84,
      "TN": 1499
    },
    "闲聊类": {
      "TP": 500,
      "FP": 35,
      "FN": 0,
      "TN": 1465
    }
  },
  "per_class_metrics": {
    "法律类": {
      "precision": 0.9446564885496184,
      "recall": 0.99,
      "f1": 0.966796875,
      "support": 1000
    },
    "违规类": {
      "precision": 0.9976019184652278,
      "recall": 0.832,
      "f1": 0.9073064340239912,
      "support": 500
    },
    "闲聊类": {
      "precision": 0.9345794392523364,
      "recall": 1.0,
      "f1": 0.966183574879227,
      "support": 500
    }
  },
  "macro": {
    "precision": 0.9589459487557276,
    "recall": 0.9406666666666667,
    "f1": 0.946762294634406
  },
  "weighted": {
    "precision": 0.9553735837042002,
    "recall": 0.953,
    "f1": 0.9517709397258045
  },
  "classification_report": "              precision    recall  f1-score   support\n\n         法律类     0.9447    0.9900    0.9668      1000\n         违规类     0.9976    0.8320    0.9073       500\n         闲聊类     0.9346    1.0000    0.9662       500\n\n    accuracy                         0.9530      2000\n   macro avg     0.9589    0.9407    0.9468      2000\nweighted avg     0.9554    0.9530    0.9518      2000\n"
}